{"include_data":[{"bucket":"hello"}],"include_buckets":null,"exclude_data":[],"exclude_buckets":null,"disable_cluster_config":false,"disable_bucket_config":false,"disable_views":false,"disable_gsi_indexes":false,"disable_queries":true,"disable_analytics_queries":true,"disable_ft_indexes":false,"disable_data":false,"disable_eventing":false,"disable_analytics":false,"disable_cluster_analytics":false,"disable_bucket_query":false,"disable_cluster_query":false,"disable_ft_alias":false,"disable_hlv":false,"enable_users":false,"overwrite_users":false,"filter_vbuckets":{"enabled":false,"list":[]},"create_missing_buckets":false,"create_missing_collections":false,"auto_delete_collections":false,"disable_collection_ttl_modification":false}
