{"name":"hello","bucketType":"membase","proxyPort":0,"replicaIndex":true,"uuid":"ded9f08519ff242c6fb4a3db0877777e","replicaNumber":1,"threadsNumber":3,"evictionPolicy":"fullEviction","conflictResolutionType":"seqno","ramQuota":100,"flushEnabled":false,"ephemeral_purge_interval":0,"autoCompactionSettings":null,"maxTTL":0,"compressionMode":"active","storageBackend":"couchstore","durabilityMinLevel":"none","pitrEnabled":false,"pitrGranularity":600,"pitrMaxHistoryAge":86400,"enableCrossClusterVersioning":false}
