[{"name":"hello._default.products_emb_idx","params":{"doc_config":{"docid_prefix_delim":"","docid_regexp":"","mode":"scope.collection.type_field","type_field":"type"},"mapping":{"analysis":{},"default_analyzer":"standard","default_datetime_parser":"dateTimeOptional","default_field":"_all","default_mapping":{"dynamic":false,"enabled":false},"default_type":"_default","docvalues_dynamic":false,"index_dynamic":true,"store_dynamic":true,"type_field":"_type","types":{"_default._default":{"dynamic":false,"enabled":true,"properties":{"description_embedding":{"dynamic":false,"enabled":true,"fields":[{"dims":1536,"index":true,"name":"description_embedding","similarity":"dot_product","type":"vector","vector_index_optimized_for":"recall"}]},"features_embedding":{"dynamic":false,"enabled":true,"fields":[{"dims":1536,"index":true,"name":"features_embedding","similarity":"dot_product","type":"vector","vector_index_optimized_for":"recall"}]},"review_summary_embedding":{"dynamic":false,"enabled":true,"fields":[{"dims":1536,"index":true,"name":"review_summary_embedding","similarity":"dot_product","type":"vector","vector_index_optimized_for":"recall"}]}}}}},"store":{"indexType":"scorch","segmentVersion":16}},"planParams":{"indexPartitions":1,"maxPartitionsPerPIndex":1024},"sourceName":"hello","sourceParams":{},"sourceType":"gocbcore","type":"fulltext-index"}]
