{"cluster":{"config":{"complete":true},"analytics":{"collections":{"include_data":"hello"},"complete":true},"eventing":{"collections":{"include_data":"hello"},"complete":true},"fts_aliases":{"collections":{"include_data":"hello"},"complete":true},"query":{"collections":{"include_data":"hello"},"complete":true},"buckets":[{"name":"hello","check_bucket_supports_eccv":{"source_bucket":"hello","sink_bucket":"hello","complete":true},"config":{"source_bucket":"hello","source_uuid":"ded9f08519ff242c6fb4a3db0877777e","sink_bucket":"hello","sink_uuid":"ded9f08519ff242c6fb4a3db0877777e","complete":true},"analytics":{"source_bucket":"hello","sink_bucket":"hello","source_uuid":"ded9f08519ff242c6fb4a3db0877777e","sink_uuid":"ded9f08519ff242c6fb4a3db0877777e","collections":{},"complete":true},"data":{"restrictions":{"source_bucket":"hello","sink_bucket":"hello","source_uuid":"ded9f08519ff242c6fb4a3db0877777e","sink_uuid":"ded9f08519ff242c6fb4a3db0877777e","complete":true},"range":{"source_bucket":"hello","sink_bucket":"hello","uuid":"ded9f08519ff242c6fb4a3db0877777e","complete":true},"manifest":{"source_bucket":"hello","sink_bucket":"hello","source_uuid":"ded9f08519ff242c6fb4a3db0877777e","sink_uuid":"ded9f08519ff242c6fb4a3db0877777e","source_manifest":{"uid":"1","scopes":[{"uid":"0","name":"_default","collections":[{"uid":"0","name":"_default","maxTTL":0,"history":false}]},{"uid":"8","name":"_system","collections":[{"uid":"9","name":"_query","maxTTL":-1,"history":false},{"uid":"8","name":"_mobile","maxTTL":-1,"history":false}]}],"scope_tombstones":[],"collection_tombstones":[]},"sink_manifest":{"uid":"1","scopes":[{"uid":"0","name":"_default","collections":[{"uid":"0","name":"_default","maxTTL":0,"history":false}]},{"uid":"8","name":"_system","collections":[{"uid":"8","name":"_mobile","maxTTL":-1,"history":false},{"uid":"9","name":"_query","maxTTL":-1,"history":false}]}],"scope_tombstones":[],"collection_tombstones":[]},"collection_mappings":[{"source":{"bucket":"hello","scope":"_default"},"sink":{"bucket":"hello","scope":"_default"},"remapping":false},{"source":{"bucket":"hello","scope":"_default","collection":"_default"},"sink":{"bucket":"hello","scope":"_default","collection":"_default"},"remapping":false},{"source":{"bucket":"hello","scope":"_system"},"sink":{"bucket":"hello","scope":"_system"},"remapping":false},{"source":{"bucket":"hello","scope":"_system","collection":"_mobile"},"sink":{"bucket":"hello","scope":"_system","collection":"_mobile"},"remapping":false}],"include_data":[{"bucket":"hello"}],"complete":true,"transfer_type":1},"key_value":{"source_bucket":"hello","sink_bucket":"hello","source_uuid":"ded9f08519ff242c6fb4a3db0877777e","sink_uuid":"ded9f08519ff242c6fb4a3db0877777e","source_manifest":{"uid":"1","scopes":[{"uid":"0","name":"_default","collections":[{"uid":"0","name":"_default","maxTTL":0,"history":false}]},{"uid":"8","name":"_system","collections":[{"uid":"9","name":"_query","maxTTL":-1,"history":false},{"uid":"8","name":"_mobile","maxTTL":-1,"history":false}]}],"scope_tombstones":[],"collection_tombstones":[]},"sink_manifest":{"uid":"1","scopes":[{"uid":"0","name":"_default","collections":[{"uid":"0","name":"_default","maxTTL":0,"history":false}]},{"uid":"8","name":"_system","collections":[{"uid":"9","name":"_query","maxTTL":-1,"history":false},{"uid":"8","name":"_mobile","maxTTL":-1,"history":false}]}],"scope_tombstones":[],"collection_tombstones":[]},"collection_mappings":[{"source":{"bucket":"hello","scope":"_default"},"sink":{"bucket":"hello","scope":"_default"},"remapping":false},{"source":{"bucket":"hello","scope":"_default","collection":"_default"},"sink":{"bucket":"hello","scope":"_default","collection":"_default"},"remapping":false},{"source":{"bucket":"hello","scope":"_system"},"sink":{"bucket":"hello","scope":"_system"},"remapping":false},{"source":{"bucket":"hello","scope":"_system","collection":"_mobile"},"sink":{"bucket":"hello","scope":"_system","collection":"_mobile"},"remapping":false}],"include_data":[{"bucket":"hello"}],"compression_filter":{"policy":0},"complete":true},"is_backup":true},"fts_indexes":{"source_bucket":"hello","sink_bucket":"hello","source_uuid":"ded9f08519ff242c6fb4a3db0877777e","sink_uuid":"ded9f08519ff242c6fb4a3db0877777e","collections":{},"complete":true},"index":{"gsi":{"source_bucket":"hello","sink_bucket":"hello","source_uuid":"ded9f08519ff242c6fb4a3db0877777e","sink_uuid":"ded9f08519ff242c6fb4a3db0877777e","collections":{},"complete":true},"views":{"source_bucket":"hello","sink_bucket":"hello","source_uuid":"ded9f08519ff242c6fb4a3db0877777e","sink_uuid":"ded9f08519ff242c6fb4a3db0877777e","complete":true}},"query":{"source_bucket":"hello","sink_bucket":"hello","sink_uuid":"ded9f08519ff242c6fb4a3db0877777e","collections":{},"complete":true},"complete_multipart_uploads":{"bucket":"hello","complete":true},"upload_rift_indexes":{"bucket":"hello","complete":true},"cleanup_rift_indexes":{"bucket":"hello","complete":true}}]},"compress_backup_metadata":{"complete":true},"upload_backup_metadata":{"complete":true},"transfer_complete":{"complete":true}}
